vi,vj,wall_id
1,3,498cd0f0-07e6-4a11-bbd3-8c27b35bce5d-006459b7
1,3,498cd0f0-07e6-4a11-bbd3-8c27b35bce5d-006459b6
1,4,498cd0f0-07e6-4a11-bbd3-8c27b35bce5d-006459b6
1,4,4919242b-a5c9-4fb2-b12f-261c478b6212-008f2639
1,4,0e761f51-42aa-4de6-ac42-ca0b3edd4be9-01303a7c
1,98,968ad56d-3f5c-43e9-a86f-49b8b9d7af57-010fb64a
1,98,86fab957-a5da-4c31-998a-3e9570e1f824-00869ab0
1,98,86fab957-a5da-4c31-998a-3e9570e1f824-00869aa3
1,98,86fab957-a5da-4c31-998a-3e9570e1f824-00869aaf
1,98,b07b4cef-2dc1-4d0d-a6c7-d230994314cc-00b89982
1,98,498cd0f0-07e6-4a11-bbd3-8c27b35bce5d-006459b5
1,98,86fab957-a5da-4c31-998a-3e9570e1f824-00869b1d
1,98,86fab957-a5da-4c31-998a-3e9570e1f824-00869ac8
1,98,968ad56d-3f5c-43e9-a86f-49b8b9d7af57-010fb6b7
1,98,86fab957-a5da-4c31-998a-3e9570e1f824-00869acd
1,100,498cd0f0-07e6-4a11-bbd3-8c27b35bce5d-006459b7
1,104,498cd0f0-07e6-4a11-bbd3-8c27b35bce5d-006459b7
1,105,86fab957-a5da-4c31-998a-3e9570e1f824-00869b34
1,105,968ad56d-3f5c-43e9-a86f-49b8b9d7af57-010fb6b7
2,98,5f3b042a-8b90-4d71-849b-1e2bc61a39d1-00b49748
2,98,498cd0f0-07e6-4a11-bbd3-8c27b35bce5d-00645ce8
2,98,7d3ab8da-74de-4923-9662-45539ae23677-00898071
2,98,7333f7f5-ac0a-4037-acfa-ca9607b5a2d8-00c166b8
2,98,7d3ab8da-74de-4923-9662-45539ae23677-00898070
2,98,968ad56d-3f5c-43e9-a86f-49b8b9d7af57-010fb3e7
2,98,7d3ab8da-74de-4923-9662-45539ae23677-00898059
2,98,968ad56d-3f5c-43e9-a86f-49b8b9d7af57-010fb505
2,98,498cd0f0-07e6-4a11-bbd3-8c27b35bce5d-00645cd7
2,105,498cd0f0-07e6-4a11-bbd3-8c27b35bce5d-00645ce9
3,4,498cd0f0-07e6-4a11-bbd3-8c27b35bce5d-006459b9
3,4,0d762c81-5694-435e-845a-a9423fc627a6-013a18a8
3,4,498cd0f0-07e6-4a11-bbd3-8c27b35bce5d-006459b6
3,100,498cd0f0-07e6-4a11-bbd3-8c27b35bce5d-006459b7
3,104,498cd0f0-07e6-4a11-bbd3-8c27b35bce5d-006459b7
3,104,21827dcf-85c2-4076-8eba-22439aeca401-0094c372
3,104,21827dcf-85c2-4076-8eba-22439aeca401-0094c33b
3,104,0d762c81-5694-435e-845a-a9423fc627a6-013a18a6
5,7,b3de63ca-75b0-4d08-9791-9cc350d33f11-00ce9282
5,8,b3de63ca-75b0-4d08-9791-9cc350d33f11-00ce9282
5,98,c0d93a96-d0f5-47d0-9144-b3824f588aa2-00c1687e
5,98,9b566b91-aa58-4b1d-b3a0-f7944dae9712-006b79a0
5,98,775a8367-8cb6-431f-8b71-08852f24c19b-0065f893
5,98,97605071-16b1-40c8-b54d-fca293370597-00853ee8
5,98,97605071-16b1-40c8-b54d-fca293370597-00853eff
5,98,968ad56d-3f5c-43e9-a86f-49b8b9d7af57-010fb7fb
5,98,775a8367-8cb6-431f-8b71-08852f24c19b-0065f8d7
5,98,968ad56d-3f5c-43e9-a86f-49b8b9d7af57-010fb868
5,98,efea2027-0d83-412c-9036-f98c04815d52-006d6aa1
5,100,775a8367-8cb6-431f-8b71-08852f24c19b-0065f892
6,9,775a8367-8cb6-431f-8b71-08852f24c19b-0065fa3b
6,98,968ad56d-3f5c-43e9-a86f-49b8b9d7af57-010fb2fe
6,98,299c2bbc-688f-4c55-8c2a-5925e8e85433-0095eedd
6,98,c0d93a96-d0f5-47d0-9144-b3824f588aa2-00c167cf
6,98,968ad56d-3f5c-43e9-a86f-49b8b9d7af57-010fb216
6,98,775a8367-8cb6-431f-8b71-08852f24c19b-0065fa9b
6,98,775a8367-8cb6-431f-8b71-08852f24c19b-0065fa3f
6,98,40b176e2-0da0-49d9-9f8d-02197f7ea8c7-00ca0f3b
6,98,299c2bbc-688f-4c55-8c2a-5925e8e85433-0095ee7a
6,98,299c2bbc-688f-4c55-8c2a-5925e8e85433-0095ee94
6,98,299c2bbc-688f-4c55-8c2a-5925e8e85433-0095eef4
6,98,299c2bbc-688f-4c55-8c2a-5925e8e85433-0095ee6a
6,98,299c2bbc-688f-4c55-8c2a-5925e8e85433-0095ee9a
7,8,b3de63ca-75b0-4d08-9791-9cc350d33f11-00ce9282
7,8,775a8367-8cb6-431f-8b71-08852f24c19b-0065f88f
7,97,dcd15c5b-e942-469f-bbaa-8b1e33974049-008805b9
7,97,dcd15c5b-e942-469f-bbaa-8b1e33974049-0088053d
7,97,9b566b91-aa58-4b1d-b3a0-f7944dae9712-006b7999
7,100,9b566b91-aa58-4b1d-b3a0-f7944dae9712-006b7abb
8,101,775a8367-8cb6-431f-8b71-08852f24c19b-0065f9c3
8,101,2a968e9b-5467-45ab-a726-a3a8baf9ebeb-01665613
9,29,2505e531-8f08-4ad6-b7c7-0c6a553e6561-00e0a1be
9,98,f5eaaf48-0d76-40d0-bb57-7615fcc31adf-011b8cd2
10,79,775a8367-8cb6-431f-8b71-08852f24c19b-0065fd9e
10,98,47a47ca7-5014-47e7-8ce5-e99e647aa45d-01785df6
14,99,bf646c8c-df76-4866-b6ad-30e8362c0413-0098dfd9
15,16,abf60959-cf54-4009-8df7-5401cac6ca07-013fd354
15,17,abf60959-cf54-4009-8df7-5401cac6ca07-013fd354
16,17,abf60959-cf54-4009-8df7-5401cac6ca07-013fd354
18,19,775a8367-8cb6-431f-8b71-08852f24c19b-0065f7c4
18,21,775a8367-8cb6-431f-8b71-08852f24c19b-0065f7c4
18,24,775a8367-8cb6-431f-8b71-08852f24c19b-0065f6c2
18,24,775a8367-8cb6-431f-8b71-08852f24c19b-0065f6c6
18,25,775a8367-8cb6-431f-8b71-08852f24c19b-0065f6c2
18,46,775a8367-8cb6-431f-8b71-08852f24c19b-0065f6c2
18,99,775a8367-8cb6-431f-8b71-08852f24c19b-0065f6c2
19,21,775a8367-8cb6-431f-8b71-08852f24c19b-0065f690
19,21,775a8367-8cb6-431f-8b71-08852f24c19b-0065f7c4
19,23,775a8367-8cb6-431f-8b71-08852f24c19b-0065f690
19,23,775a8367-8cb6-431f-8b71-08852f24c19b-0065f6c9
19,26,775a8367-8cb6-431f-8b71-08852f24c19b-0065f690
19,37,775a8367-8cb6-431f-8b71-08852f24c19b-0065f690
19,55,775a8367-8cb6-431f-8b71-08852f24c19b-0065f690
20,65,d4bc17b6-4013-4469-bf1c-c11a6e2ac16b-0086ad0e
20,102,205700e4-72ea-4f03-93c0-54c74f78910e-01681659
20,102,d4bc17b6-4013-4469-bf1c-c11a6e2ac16b-0086ad0c
20,102,205700e4-72ea-4f03-93c0-54c74f78910e-01681658
21,23,775a8367-8cb6-431f-8b71-08852f24c19b-0065f690
21,26,775a8367-8cb6-431f-8b71-08852f24c19b-0065f690
21,37,775a8367-8cb6-431f-8b71-08852f24c19b-0065f690
21,55,775a8367-8cb6-431f-8b71-08852f24c19b-0065f690
21,99,775a8367-8cb6-431f-8b71-08852f24c19b-0065f694
21,102,775a8367-8cb6-431f-8b71-08852f24c19b-0065f6b0
22,41,45e7bf7a-81f9-4ff2-85fc-75e539c1dd0e-00f2e2f6
22,42,45e7bf7a-81f9-4ff2-85fc-75e539c1dd0e-00f2e2f6
22,43,45e7bf7a-81f9-4ff2-85fc-75e539c1dd0e-00f2e2f6
22,44,45e7bf7a-81f9-4ff2-85fc-75e539c1dd0e-00f2e2f6
22,45,45e7bf7a-81f9-4ff2-85fc-75e539c1dd0e-00f2e2f6
22,47,45e7bf7a-81f9-4ff2-85fc-75e539c1dd0e-00f2e2f6
22,48,45e7bf7a-81f9-4ff2-85fc-75e539c1dd0e-00f2e2f6
22,49,9e5ddc49-9c23-41c3-ba82-e1c63dc4fc5b-0071205d
22,49,340d6697-1f5e-4a42-90ed-c9c46db3a82b-00adcb78
22,49,9e5ddc49-9c23-41c3-ba82-e1c63dc4fc5b-00712052
22,49,bfe3bfa8-ab16-426f-8764-237687edc34e-00b11eb1
22,50,1d4f5c12-c14b-46d5-80c2-0e2e8fa21763-013b56f3
22,50,9e5ddc49-9c23-41c3-ba82-e1c63dc4fc5b-0071204d
22,50,9e5ddc49-9c23-41c3-ba82-e1c63dc4fc5b-0071204e
22,52,6f3aee11-4150-43d8-8abd-e97f383a9d10-009c5352
22,52,b374448f-3db3-4a21-89d8-b543916b1e56-00d07e6f
22,53,84a3b579-dda2-454b-b50f-f833f2b36d05-00ad5a3b
22,53,b5254484-d9cc-495d-872f-aca91c7f3a02-013fc378
22,53,56141f12-c14f-42f9-b031-0ab909d1de9d-008f8cbf
22,54,6f3aee11-4150-43d8-8abd-e97f383a9d10-009c5352
22,54,6f3aee11-4150-43d8-8abd-e97f383a9d10-009c534b
22,55,45e7bf7a-81f9-4ff2-85fc-75e539c1dd0e-00f2e2f6
22,78,81a61665-fcec-41ec-b1fb-5b1d2a5ceee1-015d311a
22,81,45e7bf7a-81f9-4ff2-85fc-75e539c1dd0e-00f2e2f6
22,83,645f9766-9e23-4592-b2da-317391c7c52b-00cf86c8
22,83,9e5ddc49-9c23-41c3-ba82-e1c63dc4fc5b-00712414
22,88,53580220-5f96-49f1-a2bf-3c5541811506-008f0ff6
22,95,1d4f5c12-c14b-46d5-80c2-0e2e8fa21763-013b56f3
22,95,9e5ddc49-9c23-41c3-ba82-e1c63dc4fc5b-0071204d
22,96,45e7bf7a-81f9-4ff2-85fc-75e539c1dd0e-00f2e2f6
22,98,9a61cb41-29fd-46ce-bf24-ad4c8b416263-014c3a61
22,100,45e7bf7a-81f9-4ff2-85fc-75e539c1dd0e-00f2e2f6
23,24,775a8367-8cb6-431f-8b71-08852f24c19b-0065f6c5
23,24,775a8367-8cb6-431f-8b71-08852f24c19b-0065f6c3
23,25,775a8367-8cb6-431f-8b71-08852f24c19b-0065f6c5
23,25,775a8367-8cb6-431f-8b71-08852f24c19b-0065f6c3
23,26,775a8367-8cb6-431f-8b71-08852f24c19b-0065f690
23,26,775a8367-8cb6-431f-8b71-08852f24c19b-0065f6c5
23,26,775a8367-8cb6-431f-8b71-08852f24c19b-0065f6c3
23,37,775a8367-8cb6-431f-8b71-08852f24c19b-0065f690
23,37,775a8367-8cb6-431f-8b71-08852f24c19b-0065f6c3
23,46,775a8367-8cb6-431f-8b71-08852f24c19b-0065f6c3
23,55,775a8367-8cb6-431f-8b71-08852f24c19b-0065f690
24,25,775a8367-8cb6-431f-8b71-08852f24c19b-0065f6c5
24,25,775a8367-8cb6-431f-8b71-08852f24c19b-0065f6c2
24,25,775a8367-8cb6-431f-8b71-08852f24c19b-0065f6c3
24,26,775a8367-8cb6-431f-8b71-08852f24c19b-0065f6c5
24,26,775a8367-8cb6-431f-8b71-08852f24c19b-0065f6c3
24,37,775a8367-8cb6-431f-8b71-08852f24c19b-0065f6c3
24,46,775a8367-8cb6-431f-8b71-08852f24c19b-0065f6c2
24,46,775a8367-8cb6-431f-8b71-08852f24c19b-0065f6c3
24,99,775a8367-8cb6-431f-8b71-08852f24c19b-0065f6c2
25,26,775a8367-8cb6-431f-8b71-08852f24c19b-0065f6c4
25,26,775a8367-8cb6-431f-8b71-08852f24c19b-0065f6c5
25,26,775a8367-8cb6-431f-8b71-08852f24c19b-0065f6c3
25,37,775a8367-8cb6-431f-8b71-08852f24c19b-0065f6c4
25,37,775a8367-8cb6-431f-8b71-08852f24c19b-0065f6c3
25,46,775a8367-8cb6-431f-8b71-08852f24c19b-0065f6c4
25,46,775a8367-8cb6-431f-8b71-08852f24c19b-0065f6c2
25,46,775a8367-8cb6-431f-8b71-08852f24c19b-0065f6c3
25,99,775a8367-8cb6-431f-8b71-08852f24c19b-0065f6c2
26,37,775a8367-8cb6-431f-8b71-08852f24c19b-0065f6c4
26,37,775a8367-8cb6-431f-8b71-08852f24c19b-0065f690
26,37,775a8367-8cb6-431f-8b71-08852f24c19b-0065f6c3
26,46,775a8367-8cb6-431f-8b71-08852f24c19b-0065f6c4
26,46,775a8367-8cb6-431f-8b71-08852f24c19b-0065f6c3
26,55,775a8367-8cb6-431f-8b71-08852f24c19b-0065f690
27,28,98f5ec58-089a-4a6a-8309-130b90b1a67a-00fb4e3e
27,55,775a8367-8cb6-431f-8b71-08852f24c19b-0065f696
27,80,98f5ec58-089a-4a6a-8309-130b90b1a67a-00fb4e3e
28,66,e03a215d-9550-48c7-a4b1-84950f773570-0086c46b
28,80,98f5ec58-089a-4a6a-8309-130b90b1a67a-00fb4e3e
28,99,52e3d7de-bdc9-449f-a034-451f2768e26b-01621d36
28,99,e03a215d-9550-48c7-a4b1-84950f773570-0086c46b
29,98,d6529672-62ca-4b81-a1fa-0d961a35c7af-010381ec
29,98,9b566b91-aa58-4b1d-b3a0-f7944dae9712-006b8c0c
30,90,bb81fe8a-6cd1-41fb-b09f-72a3902a0bae-009a1537
30,98,775a8367-8cb6-431f-8b71-08852f24c19b-0065f898
30,103,bb81fe8a-6cd1-41fb-b09f-72a3902a0bae-009a1537
30,103,775a8367-8cb6-431f-8b71-08852f24c19b-0065f898
31,98,9b566b91-aa58-4b1d-b3a0-f7944dae9712-006b8477
31,98,e5e8500f-62e1-42cd-b82f-6013be625bf7-00af895a
32,33,ba831953-ab96-4132-a9be-093afd6c2829-006d2dfc
32,33,ba831953-ab96-4132-a9be-093afd6c2829-006d2ded
32,35,ba831953-ab96-4132-a9be-093afd6c2829-006d2df4
32,35,ba831953-ab96-4132-a9be-093afd6c2829-006d2dfc
32,36,ba831953-ab96-4132-a9be-093afd6c2829-006d2dfc
32,38,ba831953-ab96-4132-a9be-093afd6c2829-006d2dfc
32,39,ba831953-ab96-4132-a9be-093afd6c2829-006d2dfc
32,40,ba831953-ab96-4132-a9be-093afd6c2829-006d2dfc
32,66,ba831953-ab96-4132-a9be-093afd6c2829-006d2dfc
32,99,ba831953-ab96-4132-a9be-093afd6c2829-006d2dfc
33,34,ba831953-ab96-4132-a9be-093afd6c2829-006d2dec
33,34,ba831953-ab96-4132-a9be-093afd6c2829-006d2dee
33,35,ba831953-ab96-4132-a9be-093afd6c2829-006d2dfc
33,36,ba831953-ab96-4132-a9be-093afd6c2829-006d2dfc
33,38,ba831953-ab96-4132-a9be-093afd6c2829-006d2dfc
33,39,ba831953-ab96-4132-a9be-093afd6c2829-006d2dfc
33,40,ba831953-ab96-4132-a9be-093afd6c2829-006d2dfc
33,66,ba831953-ab96-4132-a9be-093afd6c2829-006d2dfc
33,99,ba831953-ab96-4132-a9be-093afd6c2829-006d2dec
33,99,ba831953-ab96-4132-a9be-093afd6c2829-006d2dfc
34,99,ba831953-ab96-4132-a9be-093afd6c2829-006d2dec
35,36,ba831953-ab96-4132-a9be-093afd6c2829-006d2dfc
35,38,ba831953-ab96-4132-a9be-093afd6c2829-006d2dfc
35,39,ba831953-ab96-4132-a9be-093afd6c2829-006d2dfc
35,40,ba831953-ab96-4132-a9be-093afd6c2829-006d2df7
35,40,ba831953-ab96-4132-a9be-093afd6c2829-006d2dfc
35,66,ba831953-ab96-4132-a9be-093afd6c2829-006d2dfc
35,99,ba831953-ab96-4132-a9be-093afd6c2829-006d2dfc
36,38,ba831953-ab96-4132-a9be-093afd6c2829-006d2deb
36,38,ba831953-ab96-4132-a9be-093afd6c2829-006d2dfc
36,39,ba831953-ab96-4132-a9be-093afd6c2829-006d2dfc
36,40,ba831953-ab96-4132-a9be-093afd6c2829-006d2dfc
36,66,ba831953-ab96-4132-a9be-093afd6c2829-006d2dfc
36,66,ba831953-ab96-4132-a9be-093afd6c2829-006d2def
36,99,ba831953-ab96-4132-a9be-093afd6c2829-006d2dfc
37,46,775a8367-8cb6-431f-8b71-08852f24c19b-0065f7c5
37,46,775a8367-8cb6-431f-8b71-08852f24c19b-0065f6c4
37,46,775a8367-8cb6-431f-8b71-08852f24c19b-0065f6c3
37,55,775a8367-8cb6-431f-8b71-08852f24c19b-0065f690
38,39,ba831953-ab96-4132-a9be-093afd6c2829-006d2dfc
38,39,ba831953-ab96-4132-a9be-093afd6c2829-006d2df3
38,40,ba831953-ab96-4132-a9be-093afd6c2829-006d2dfc
38,66,ba831953-ab96-4132-a9be-093afd6c2829-006d2dfc
38,99,ba831953-ab96-4132-a9be-093afd6c2829-006d2dfc
39,40,ba831953-ab96-4132-a9be-093afd6c2829-006d2df5
39,40,ba831953-ab96-4132-a9be-093afd6c2829-006d2dfc
39,66,ba831953-ab96-4132-a9be-093afd6c2829-006d2dfc
39,99,ba831953-ab96-4132-a9be-093afd6c2829-006d2dfc
40,66,ba831953-ab96-4132-a9be-093afd6c2829-006d2dfc
40,99,ba831953-ab96-4132-a9be-093afd6c2829-006d2dfc
41,42,ba831953-ab96-4132-a9be-093afd6c2829-006d3079
41,42,45e7bf7a-81f9-4ff2-85fc-75e539c1dd0e-00f2e2f6
41,43,ba831953-ab96-4132-a9be-093afd6c2829-006d3079
41,43,45e7bf7a-81f9-4ff2-85fc-75e539c1dd0e-00f2e2f6
41,44,ba831953-ab96-4132-a9be-093afd6c2829-006d3079
41,44,45e7bf7a-81f9-4ff2-85fc-75e539c1dd0e-00f2e2f6
41,45,ba831953-ab96-4132-a9be-093afd6c2829-006d3079
41,45,45e7bf7a-81f9-4ff2-85fc-75e539c1dd0e-00f2e2f6
41,47,ba831953-ab96-4132-a9be-093afd6c2829-006d3079
41,47,45e7bf7a-81f9-4ff2-85fc-75e539c1dd0e-00f2e2f6
41,48,ba831953-ab96-4132-a9be-093afd6c2829-006d3079
41,48,ba831953-ab96-4132-a9be-093afd6c2829-006d3088
41,48,45e7bf7a-81f9-4ff2-85fc-75e539c1dd0e-00f2e2f6
41,55,ba831953-ab96-4132-a9be-093afd6c2829-006d3079
41,55,45e7bf7a-81f9-4ff2-85fc-75e539c1dd0e-00f2e2f6
41,81,775a8367-8cb6-431f-8b71-08852f24c19b-0065f6b9
41,81,45e7bf7a-81f9-4ff2-85fc-75e539c1dd0e-00f2e2f6
41,96,ba831953-ab96-4132-a9be-093afd6c2829-006d3079
41,96,45e7bf7a-81f9-4ff2-85fc-75e539c1dd0e-00f2e2f6
41,100,45e7bf7a-81f9-4ff2-85fc-75e539c1dd0e-00f2e2f6
42,43,ba831953-ab96-4132-a9be-093afd6c2829-006d3079
42,43,45e7bf7a-81f9-4ff2-85fc-75e539c1dd0e-00f2e2f6
42,43,ba831953-ab96-4132-a9be-093afd6c2829-006d3082
42,44,ba831953-ab96-4132-a9be-093afd6c2829-006d3079
42,44,45e7bf7a-81f9-4ff2-85fc-75e539c1dd0e-00f2e2f6
42,45,ba831953-ab96-4132-a9be-093afd6c2829-006d3079
42,45,45e7bf7a-81f9-4ff2-85fc-75e539c1dd0e-00f2e2f6
42,47,ba831953-ab96-4132-a9be-093afd6c2829-006d3079
42,47,45e7bf7a-81f9-4ff2-85fc-75e539c1dd0e-00f2e2f6
42,48,ba831953-ab96-4132-a9be-093afd6c2829-006d3079
42,48,ba831953-ab96-4132-a9be-093afd6c2829-006d3087
42,48,45e7bf7a-81f9-4ff2-85fc-75e539c1dd0e-00f2e2f6
42,55,ba831953-ab96-4132-a9be-093afd6c2829-006d3079
42,55,45e7bf7a-81f9-4ff2-85fc-75e539c1dd0e-00f2e2f6
42,81,45e7bf7a-81f9-4ff2-85fc-75e539c1dd0e-00f2e2f6
42,96,ba831953-ab96-4132-a9be-093afd6c2829-006d3079
42,96,45e7bf7a-81f9-4ff2-85fc-75e539c1dd0e-00f2e2f6
42,100,45e7bf7a-81f9-4ff2-85fc-75e539c1dd0e-00f2e2f6
43,44,ba831953-ab96-4132-a9be-093afd6c2829-006d3079
43,44,ba831953-ab96-4132-a9be-093afd6c2829-006d3083
43,44,45e7bf7a-81f9-4ff2-85fc-75e539c1dd0e-00f2e2f6
43,45,ba831953-ab96-4132-a9be-093afd6c2829-006d3079
43,45,45e7bf7a-81f9-4ff2-85fc-75e539c1dd0e-00f2e2f6
43,47,ba831953-ab96-4132-a9be-093afd6c2829-006d3079
43,47,45e7bf7a-81f9-4ff2-85fc-75e539c1dd0e-00f2e2f6
43,48,ba831953-ab96-4132-a9be-093afd6c2829-006d3079
43,48,45e7bf7a-81f9-4ff2-85fc-75e539c1dd0e-00f2e2f6
43,55,ba831953-ab96-4132-a9be-093afd6c2829-006d3079
43,55,45e7bf7a-81f9-4ff2-85fc-75e539c1dd0e-00f2e2f6
43,81,45e7bf7a-81f9-4ff2-85fc-75e539c1dd0e-00f2e2f6
43,96,ba831953-ab96-4132-a9be-093afd6c2829-006d3079
43,96,45e7bf7a-81f9-4ff2-85fc-75e539c1dd0e-00f2e2f6
43,100,45e7bf7a-81f9-4ff2-85fc-75e539c1dd0e-00f2e2f6
44,45,ba831953-ab96-4132-a9be-093afd6c2829-006d3079
44,45,ba831953-ab96-4132-a9be-093afd6c2829-006d3086
44,45,45e7bf7a-81f9-4ff2-85fc-75e539c1dd0e-00f2e2f6
44,47,ba831953-ab96-4132-a9be-093afd6c2829-006d3079
44,47,45e7bf7a-81f9-4ff2-85fc-75e539c1dd0e-00f2e2f6
44,48,ba831953-ab96-4132-a9be-093afd6c2829-006d3079
44,48,45e7bf7a-81f9-4ff2-85fc-75e539c1dd0e-00f2e2f6
44,55,ba831953-ab96-4132-a9be-093afd6c2829-006d3079
44,55,45e7bf7a-81f9-4ff2-85fc-75e539c1dd0e-00f2e2f6
44,81,45e7bf7a-81f9-4ff2-85fc-75e539c1dd0e-00f2e2f6
44,96,ba831953-ab96-4132-a9be-093afd6c2829-006d3079
44,96,45e7bf7a-81f9-4ff2-85fc-75e539c1dd0e-00f2e2f6
44,100,45e7bf7a-81f9-4ff2-85fc-75e539c1dd0e-00f2e2f6
45,47,ba831953-ab96-4132-a9be-093afd6c2829-006d3079
45,47,ba831953-ab96-4132-a9be-093afd6c2829-006d3085
45,47,45e7bf7a-81f9-4ff2-85fc-75e539c1dd0e-00f2e2f6
45,48,ba831953-ab96-4132-a9be-093afd6c2829-006d3079
45,48,45e7bf7a-81f9-4ff2-85fc-75e539c1dd0e-00f2e2f6
45,55,ba831953-ab96-4132-a9be-093afd6c2829-006d3079
45,55,45e7bf7a-81f9-4ff2-85fc-75e539c1dd0e-00f2e2f6
45,81,45e7bf7a-81f9-4ff2-85fc-75e539c1dd0e-00f2e2f6
45,96,ba831953-ab96-4132-a9be-093afd6c2829-006d3079
45,96,45e7bf7a-81f9-4ff2-85fc-75e539c1dd0e-00f2e2f6
45,100,45e7bf7a-81f9-4ff2-85fc-75e539c1dd0e-00f2e2f6
46,99,775a8367-8cb6-431f-8b71-08852f24c19b-0065f6c2
47,48,ba831953-ab96-4132-a9be-093afd6c2829-006d3079
47,48,45e7bf7a-81f9-4ff2-85fc-75e539c1dd0e-00f2e2f6
47,55,ba831953-ab96-4132-a9be-093afd6c2829-006d3079
47,55,45e7bf7a-81f9-4ff2-85fc-75e539c1dd0e-00f2e2f6
47,81,45e7bf7a-81f9-4ff2-85fc-75e539c1dd0e-00f2e2f6
47,96,ba831953-ab96-4132-a9be-093afd6c2829-006d3079
47,96,69ace270-057b-4162-b604-67b7553bd454-01401f79
47,96,45e7bf7a-81f9-4ff2-85fc-75e539c1dd0e-00f2e2f6
47,96,69ace270-057b-4162-b604-67b7553bd454-01401f75
47,100,45e7bf7a-81f9-4ff2-85fc-75e539c1dd0e-00f2e2f6
48,55,ba831953-ab96-4132-a9be-093afd6c2829-006d3079
48,55,45e7bf7a-81f9-4ff2-85fc-75e539c1dd0e-00f2e2f6
48,81,45e7bf7a-81f9-4ff2-85fc-75e539c1dd0e-00f2e2f6
48,96,ba831953-ab96-4132-a9be-093afd6c2829-006d3079
48,96,45e7bf7a-81f9-4ff2-85fc-75e539c1dd0e-00f2e2f6
48,100,45e7bf7a-81f9-4ff2-85fc-75e539c1dd0e-00f2e2f6
49,50,9e5ddc49-9c23-41c3-ba82-e1c63dc4fc5b-00712054
49,108,9e5ddc49-9c23-41c3-ba82-e1c63dc4fc5b-00712054
50,90,bfe3bfa8-ab16-426f-8764-237687edc34e-00b11eb0
50,95,1d4f5c12-c14b-46d5-80c2-0e2e8fa21763-013b56f3
50,95,9e5ddc49-9c23-41c3-ba82-e1c63dc4fc5b-0071204d
50,108,9e5ddc49-9c23-41c3-ba82-e1c63dc4fc5b-00712054
51,78,645f9766-9e23-4592-b2da-317391c7c52b-00cf83c1
51,81,cc3989c6-42ad-4b3e-94ce-4201082ca13b-01151ee0
51,107,f9a0c3c9-c8ed-43bf-80b7-e56a6762e93b-008fd2ca
52,54,6f3aee11-4150-43d8-8abd-e97f383a9d10-009c5352
52,78,6f3aee11-4150-43d8-8abd-e97f383a9d10-009c52fb
52,89,6f3aee11-4150-43d8-8abd-e97f383a9d10-009c52fb
52,89,edc42879-289b-4469-8daf-1596f5f79aa8-0130611c
53,83,9e5ddc49-9c23-41c3-ba82-e1c63dc4fc5b-00712415
54,89,edc42879-289b-4469-8daf-1596f5f79aa8-013060c5
55,81,45e7bf7a-81f9-4ff2-85fc-75e539c1dd0e-00f2e2f6
55,96,ba831953-ab96-4132-a9be-093afd6c2829-006d3079
55,96,45e7bf7a-81f9-4ff2-85fc-75e539c1dd0e-00f2e2f6
55,100,45e7bf7a-81f9-4ff2-85fc-75e539c1dd0e-00f2e2f6
56,57,ba831953-ab96-4132-a9be-093afd6c2829-006d23bb
56,57,ba831953-ab96-4132-a9be-093afd6c2829-006d23ba
56,58,ba831953-ab96-4132-a9be-093afd6c2829-006d23bb
56,76,ba831953-ab96-4132-a9be-093afd6c2829-006d23bc
56,78,ba831953-ab96-4132-a9be-093afd6c2829-006d23bc
56,78,ba831953-ab96-4132-a9be-093afd6c2829-006d23bb
57,58,ba831953-ab96-4132-a9be-093afd6c2829-006d23bd
57,58,ba831953-ab96-4132-a9be-093afd6c2829-006d23bb
57,78,ba831953-ab96-4132-a9be-093afd6c2829-006d23bb
58,59,ba831953-ab96-4132-a9be-093afd6c2829-006d23d1
58,59,ba831953-ab96-4132-a9be-093afd6c2829-006d23cf
58,78,ba831953-ab96-4132-a9be-093afd6c2829-006d23bb
58,78,ba831953-ab96-4132-a9be-093afd6c2829-006d23cf
59,70,ba831953-ab96-4132-a9be-093afd6c2829-006d23cc
59,78,ba831953-ab96-4132-a9be-093afd6c2829-006d23cf
60,61,ba831953-ab96-4132-a9be-093afd6c2829-006d23ca
60,61,ba831953-ab96-4132-a9be-093afd6c2829-006d23c8
60,62,ba831953-ab96-4132-a9be-093afd6c2829-006d23c8
60,64,ba831953-ab96-4132-a9be-093afd6c2829-006d23c8
60,67,ba831953-ab96-4132-a9be-093afd6c2829-006d23c8
60,68,ba831953-ab96-4132-a9be-093afd6c2829-006d23c8
60,70,ba831953-ab96-4132-a9be-093afd6c2829-006d23c7
60,78,ba831953-ab96-4132-a9be-093afd6c2829-006d23c8
61,62,ba831953-ab96-4132-a9be-093afd6c2829-006d23c9
61,62,ba831953-ab96-4132-a9be-093afd6c2829-006d23c8
61,64,ba831953-ab96-4132-a9be-093afd6c2829-006d23c8
61,67,ba831953-ab96-4132-a9be-093afd6c2829-006d23c8
61,68,ba831953-ab96-4132-a9be-093afd6c2829-006d23c8
61,78,ba831953-ab96-4132-a9be-093afd6c2829-006d23c8
62,64,ba831953-ab96-4132-a9be-093afd6c2829-006d23be
62,64,ba831953-ab96-4132-a9be-093afd6c2829-006d23c8
62,67,ba831953-ab96-4132-a9be-093afd6c2829-006d23c8
62,68,ba831953-ab96-4132-a9be-093afd6c2829-006d23c8
62,78,ba831953-ab96-4132-a9be-093afd6c2829-006d23c8
63,65,775a8367-8cb6-431f-8b71-08852f24c19b-0065fd18
63,65,775a8367-8cb6-431f-8b71-08852f24c19b-0065fd1a
63,71,775a8367-8cb6-431f-8b71-08852f24c19b-0065fd18
63,71,775a8367-8cb6-431f-8b71-08852f24c19b-0065fd19
63,78,775a8367-8cb6-431f-8b71-08852f24c19b-0065fd18
64,67,ba831953-ab96-4132-a9be-093afd6c2829-006d23c0
64,67,ba831953-ab96-4132-a9be-093afd6c2829-006d23c8
64,68,ba831953-ab96-4132-a9be-093afd6c2829-006d23c8
64,78,ba831953-ab96-4132-a9be-093afd6c2829-006d23c8
65,71,775a8367-8cb6-431f-8b71-08852f24c19b-0065fd18
65,78,775a8367-8cb6-431f-8b71-08852f24c19b-0065fd18
66,99,ba831953-ab96-4132-a9be-093afd6c2829-006d2dfc
66,99,e03a215d-9550-48c7-a4b1-84950f773570-0086c46b
67,68,ba831953-ab96-4132-a9be-093afd6c2829-006d23bf
67,68,ba831953-ab96-4132-a9be-093afd6c2829-006d23c8
67,78,ba831953-ab96-4132-a9be-093afd6c2829-006d23c8
68,69,ba831953-ab96-4132-a9be-093afd6c2829-006d23c1
68,78,ba831953-ab96-4132-a9be-093afd6c2829-006d23c8
69,78,ba831953-ab96-4132-a9be-093afd6c2829-006d23c3
71,76,775a8367-8cb6-431f-8b71-08852f24c19b-0065fd21
71,78,775a8367-8cb6-431f-8b71-08852f24c19b-0065fd18
72,77,9e5ddc49-9c23-41c3-ba82-e1c63dc4fc5b-00712c0c
72,78,775a8367-8cb6-431f-8b71-08852f24c19b-0065fd28
76,78,ba831953-ab96-4132-a9be-093afd6c2829-006d23bc
77,78,6f3aee11-4150-43d8-8abd-e97f383a9d10-009c52f3
78,88,9e5ddc49-9c23-41c3-ba82-e1c63dc4fc5b-00712a7f
78,89,6f3aee11-4150-43d8-8abd-e97f383a9d10-009c52fb
78,89,6f3aee11-4150-43d8-8abd-e97f383a9d10-009c535e
78,93,b7033962-81ae-4c6f-8077-1382ad353b3c-0098d976
78,93,a2a989c0-808f-4ab2-bba3-498b8df17356-00b448e5
78,106,ba831953-ab96-4132-a9be-093afd6c2829-006d23cb
78,107,92c7d861-c77f-4b60-9827-ec74f2e788d3-00cf593e
79,106,9a61cb41-29fd-46ce-bf24-ad4c8b416263-014c39c9
80,100,ec613b57-802c-4da6-b615-2d8a075b621a-0116fd5e
81,96,45e7bf7a-81f9-4ff2-85fc-75e539c1dd0e-00f2e2f6
81,100,45e7bf7a-81f9-4ff2-85fc-75e539c1dd0e-00f2e2f6
82,98,849b5e8b-3a17-431b-808b-d5caaa6d7fa2-00f304d5
83,87,9e5ddc49-9c23-41c3-ba82-e1c63dc4fc5b-00712c81
83,87,9e5ddc49-9c23-41c3-ba82-e1c63dc4fc5b-00712a70
83,88,9e5ddc49-9c23-41c3-ba82-e1c63dc4fc5b-00712a70
87,88,9e5ddc49-9c23-41c3-ba82-e1c63dc4fc5b-00712a70
88,106,a1faa311-1cda-4393-a9d1-4c85bfb7dd45-01780cd9
90,103,bb81fe8a-6cd1-41fb-b09f-72a3902a0bae-009a1537
90,103,775a8367-8cb6-431f-8b71-08852f24c19b-00655afd
91,92,ef8ee73c-3cba-4c36-b4b2-71ef690105b8-007a5833
91,94,ef8ee73c-3cba-4c36-b4b2-71ef690105b8-007a5833
92,94,ef8ee73c-3cba-4c36-b4b2-71ef690105b8-007a5833
93,102,ef8ee73c-3cba-4c36-b4b2-71ef690105b8-007a50a2
96,100,45e7bf7a-81f9-4ff2-85fc-75e539c1dd0e-00f2e2f6
97,100,dcd15c5b-e942-469f-bbaa-8b1e33974049-008804cb
97,109,9b566b91-aa58-4b1d-b3a0-f7944dae9712-006b7998
98,103,775a8367-8cb6-431f-8b71-08852f24c19b-0065f898
98,105,968ad56d-3f5c-43e9-a86f-49b8b9d7af57-010fb6b7
100,101,9b566b91-aa58-4b1d-b3a0-f7944dae9712-006b7995
100,104,498cd0f0-07e6-4a11-bbd3-8c27b35bce5d-006459b7
100,109,9b566b91-aa58-4b1d-b3a0-f7944dae9712-006b7995
100,109,400b3dd1-21a0-4042-b99f-2a888619c67e-00cf9c67
101,109,9b566b91-aa58-4b1d-b3a0-f7944dae9712-006b7995
